,0
0,p
1,p
2,p
3,p
4,p
5,p
6,p
7,p
8,p
9,p
10,p
11,p
12,p
13,p
14,p
15,p
16,p
17,p
18,p
19,p
20,p
21,p
22,p
23,p
24,p
25,p
26,p
27,p
28,p
29,p
30,p
31,p
32,y
33,y
34,y
35,y
36,y
37,y
38,y
39,y
40,y
41,y
42,y
43,y
44,y
45,y
46,y
47,y
48,y
49,y
50,y
51,y
52,y
53,y
54,y
55,y
56,y
57,y
58,y
59,y
60,y
61,y
62,y
63,y
64,y
65,y
66,y
67,y
68,y
69,y
70,y
71,y
72,y
73,y
74,y
75,y
76,y
77,y
78,y
79,y
80,y
81,y
82,y
83,y
84,y
85,y
86,y
87,y
88,y
89,y
90,y
91,y
92,y
93,y
94,y
95,y
96,y
97,y
98,y
99,y
100,y
101,y
102,y
103,y
104,y
105,y
106,y
107,y
108,y
109,y
110,y
111,y
112,y
113,y
114,y
115,y
116,y
117,y
118,y
119,y
120,y
121,y
122,y
123,y
124,y
125,y
126,y
127,y
128,y
129,y
130,y
131,y
132,y
133,y
134,y
135,y
136,y
137,y
138,y
139,y
140,y
141,y
142,y
143,y
144,y
145,y
146,y
147,y
148,y
149,y
150,y
151,y
152,y
153,y
154,y
155,y
156,y
157,y
158,y
159,y
160,y
161,y
162,y
163,y
164,y
165,y
166,y
167,y
168,y
169,y
170,y
171,y
172,y
173,y
174,y
175,y
176,y
177,y
178,y
179,y
180,y
181,y
182,y
183,y
184,y
185,y
186,y
187,y
188,y
189,y
190,y
191,y
192,y
193,y
194,y
195,y
196,y
197,y
198,y
199,y
200,y
201,y
202,y
203,y
204,y
205,y
206,y
207,y
208,y
209,y
210,y
211,y
212,y
213,y
214,y
215,y
216,y
217,y
218,y
219,y
220,y
221,y
222,y
223,y
224,y
225,y
226,y
227,y
228,y
229,y
230,y
231,y
232,y
233,y
234,y
235,y
236,y
237,y
238,y
239,y
240,y
241,y
242,y
243,y
244,y
245,y
246,y
247,y
248,y
249,y
250,y
251,y
252,y
253,y
254,y
255,y
256,y
257,y
258,y
259,y
260,y
261,y
262,y
263,y
264,y
265,y
266,y
267,y
268,y
269,y
270,y
271,y
272,y
273,y
274,y
275,y
276,y
277,y
278,y
279,y
280,y
281,y
282,y
283,y
284,y
285,y
286,y
287,y
288,y
289,y
290,y
291,y
292,y
293,y
294,y
295,y
296,y
297,y
298,y
299,y
300,y
301,y
302,y
303,y
304,y
305,y
306,y
307,y
308,y
309,y
310,y
311,y
312,y
313,y
314,y
315,y
316,y
317,y
318,y
319,y
320,y
321,y
322,y
323,y
324,y
325,y
326,y
327,y
328,y
329,y
330,y
331,y
332,y
333,y
334,y
335,y
336,y
337,y
338,y
339,y
340,y
341,y
342,y
343,y
344,y
345,y
346,y
347,y
348,y
349,y
350,y
351,y
352,y
353,y
354,y
355,y
356,y
357,y
358,y
359,y
360,y
361,y
362,y
363,y
364,y
365,y
366,y
367,y
368,y
369,y
370,y
371,y
372,y
373,y
374,y
375,y
376,y
377,y
378,y
379,y
380,y
381,y
382,y
383,y
384,y
385,y
386,y
387,y
388,y
389,y
390,y
391,y
392,y
393,y
394,y
395,y
396,y
397,y
398,y
399,y
400,y
401,y
402,y
403,y
404,y
405,y
406,y
407,y
408,y
409,y
410,y
411,y
412,y
413,y
414,y
415,y
416,y
417,y
418,y
419,y
420,y
421,y
422,y
423,y
424,y
425,y
426,y
427,y
428,y
429,y
430,y
431,y
432,y
433,y
434,y
435,y
436,y
437,y
438,y
439,y
440,y
441,y
442,y
443,y
444,y
445,y
446,y
447,y
448,y
449,y
450,y
451,y
452,y
453,y
454,y
455,y
456,y
457,y
458,y
459,y
460,y
461,y
462,y
463,y
464,y
465,y
466,y
467,y
468,y
469,y
470,y
471,y
472,y
473,y
474,y
475,y
476,y
477,y
478,y
479,y
480,y
481,y
482,y
483,y
484,y
485,y
486,y
487,y
488,y
489,y
490,y
491,y
492,y
493,y
494,y
495,y
496,y
497,y
498,y
499,y
500,y
501,y
502,y
503,y
504,y
505,y
506,y
507,y
508,y
509,y
510,y
511,y
512,y
513,y
514,y
515,y
516,y
517,y
518,y
519,y
520,y
521,y
522,y
523,y
524,y
525,y
526,y
527,y
528,y
529,y
530,y
531,y
532,y
533,y
534,y
535,y
536,y
537,y
538,y
539,y
540,y
541,y
542,y
543,y
544,y
545,y
546,y
547,y
548,y
549,y
550,y
551,y
552,y
553,y
554,y
555,y
556,y
557,y
558,y
559,y
560,y
561,y
562,y
563,y
564,y
565,y
566,y
567,y
568,y
569,y
570,y
571,y
572,y
573,y
574,y
575,y
576,y
577,y
578,y
579,y
580,y
581,y
582,y
583,y
584,y
585,y
586,y
587,y
588,y
589,y
590,y
591,y
592,y
593,y
594,y
595,y
596,y
597,y
598,y
599,y
600,y
601,y
602,y
603,y
604,y
605,y
606,y
607,y
608,y
609,y
610,y
611,y
612,y
613,y
614,y
615,y
616,y
617,y
618,y
619,y
620,y
621,y
622,y
623,y
624,y
625,y
626,y
627,y
628,y
629,y
630,y
631,y
632,y
633,y
634,y
635,y
636,y
637,y
638,y
639,y
640,y
641,y
642,y
643,y
644,y
645,y
646,y
647,y
648,y
649,y
650,y
651,y
652,y
653,y
654,y
655,y
656,y
657,y
658,y
659,y
660,y
661,y
662,y
663,y
664,y
665,y
666,y
667,y
668,y
669,y
670,y
671,y
672,y
673,y
674,y
675,y
676,y
677,y
678,y
679,y
680,y
681,y
682,y
683,y
684,y
685,y
686,y
687,y
688,y
689,y
690,y
691,y
692,y
693,y
694,y
695,y
696,y
697,y
698,y
699,y
700,y
701,y
702,y
703,y
704,y
705,y
706,y
707,y
708,y
709,y
710,y
711,y
712,y
713,y
714,y
715,y
716,y
717,y
718,y
719,y
720,y
721,y
722,y
723,y
724,y
725,y
726,y
727,y
728,y
729,y
730,y
731,y
732,y
733,y
734,y
735,y
736,y
737,y
738,y
739,y
740,y
741,y
742,y
743,y
744,y
745,y
746,y
747,y
748,y
749,y
750,y
751,y
752,y
753,y
754,y
755,y
756,y
757,y
758,y
759,y
760,y
761,y
762,y
763,y
764,y
765,y
766,y
767,y
768,y
769,y
770,y
771,y
772,y
773,y
774,y
775,y
776,y
777,y
778,y
779,y
780,y
781,y
782,y
783,y
784,y
785,y
786,y
787,y
788,y
789,y
790,y
791,y
792,y
793,y
794,y
795,y
796,y
797,y
798,y
799,y
800,y
801,y
802,y
803,y
804,y
805,y
806,y
807,y
808,y
809,y
810,y
811,y
812,y
813,y
814,y
815,y
816,y
817,y
818,y
819,y
820,y
821,y
822,y
823,y
824,y
825,y
826,y
827,y
828,p
829,p
830,p
831,p
832,p
833,p
834,p
835,p
836,p
837,p
838,p
839,p
840,p
841,p
842,p
843,p
844,p
845,p
846,p
847,p
848,p
849,p
850,p
851,p
852,p
853,p
854,p
855,p
856,p
857,p
858,p
859,p
860,p
861,p
862,p
863,p
864,p
865,p
866,p
867,p
868,p
869,p
870,p
871,p
872,p
873,p
874,p
875,p
876,p
877,p
878,p
879,p
880,p
881,p
882,p
883,p
884,p
885,p
886,p
887,p
888,p
889,p
890,p
891,p
892,p
893,p
894,p
895,p
896,p
897,p
898,p
899,p
900,p
901,p
902,p
903,p
904,p
905,p
906,p
907,p
908,p
909,p
910,p
911,p
912,p
913,p
914,p
915,p
916,p
917,p
918,p
919,p
920,p
921,p
922,p
923,p
924,p
925,p
926,p
927,p
928,p
929,p
930,p
931,p
932,p
933,p
934,p
935,p
936,p
937,p
938,p
939,p
940,p
941,p
942,p
943,p
944,p
945,p
946,p
947,p
948,p
949,p
950,p
951,p
952,p
953,p
954,p
955,p
956,p
957,p
958,p
959,p
960,p
961,p
962,p
963,p
964,p
965,p
966,p
967,p
968,p
969,p
970,p
971,p
972,p
973,p
974,p
975,p
976,p
977,p
978,p
979,p
980,p
981,p
982,p
983,p
984,p
985,p
986,p
987,p
988,p
989,p
990,p
991,p
992,p
993,p
994,p
995,p
996,p
997,p
998,p
999,p
1000,p
1001,p
1002,p
1003,p
1004,p
1005,p
1006,p
1007,p
1008,p
1009,p
1010,p
1011,p
1012,p
1013,p
1014,p
1015,p
1016,p
1017,p
1018,p
1019,p
1020,p
1021,p
1022,p
1023,p
1024,p
1025,p
1026,p
1027,p
1028,p
1029,p
1030,p
1031,p
1032,p
1033,p
1034,p
1035,p
1036,p
1037,p
1038,p
1039,p
1040,p
1041,p
1042,p
1043,p
1044,p
1045,p
1046,p
1047,p
1048,p
1049,p
1050,p
1051,p
1052,p
1053,p
1054,p
1055,p
1056,p
1057,p
1058,p
1059,p
1060,p
1061,p
1062,p
1063,p
1064,p
1065,p
1066,p
1067,p
1068,p
1069,p
1070,p
1071,p
1072,p
1073,p
1074,p
1075,p
1076,p
1077,p
1078,p
1079,p
1080,p
1081,p
1082,p
1083,p
1084,p
1085,p
1086,p
1087,p
1088,p
1089,p
1090,p
1091,p
1092,p
1093,p
1094,p
1095,p
1096,p
1097,p
1098,p
1099,p
1100,p
1101,p
1102,p
1103,p
1104,p
1105,p
1106,p
1107,p
1108,p
1109,p
1110,p
1111,p
1112,p
1113,p
1114,p
1115,p
1116,p
1117,p
1118,p
1119,p
1120,p
1121,p
1122,p
1123,p
1124,p
1125,p
1126,p
1127,p
1128,p
1129,p
1130,p
1131,p
1132,p
1133,p
1134,p
1135,p
1136,p
1137,p
1138,p
1139,p
1140,p
1141,p
1142,p
1143,p
1144,p
1145,p
1146,p
1147,p
1148,p
1149,p
1150,p
1151,p
1152,p
1153,p
1154,p
1155,p
1156,p
1157,p
1158,p
1159,p
1160,p
1161,p
1162,p
1163,p
1164,p
1165,p
1166,p
1167,p
1168,p
1169,p
1170,p
1171,p
1172,p
1173,p
1174,p
1175,p
1176,p
1177,p
1178,p
1179,p
1180,p
1181,p
1182,p
1183,p
1184,p
1185,p
1186,p
1187,p
1188,p
1189,p
1190,p
1191,p
1192,p
1193,p
1194,p
1195,p
1196,p
1197,p
1198,p
1199,p
1200,p
1201,p
1202,p
1203,p
1204,p
1205,p
1206,p
1207,p
1208,p
1209,p
1210,p
1211,p
1212,p
1213,p
1214,p
1215,p
1216,p
1217,p
1218,p
1219,y
1220,y
1221,y
1222,y
1223,y
1224,y
1225,y
1226,y
1227,y
1228,y
1229,y
1230,y
1231,y
1232,y
1233,y
1234,y
1235,y
1236,y
1237,y
1238,y
1239,y
1240,y
1241,y
1242,y
1243,y
1244,y
1245,y
1246,y
1247,y
1248,y
1249,y
1250,y
1251,y
1252,y
1253,y
1254,y
1255,y
1256,y
1257,y
1258,y
1259,y
1260,y
1261,y
1262,y
1263,y
1264,y
1265,y
1266,y
1267,y
1268,y
1269,y
1270,y
1271,y
1272,y
1273,y
1274,y
1275,y
1276,y
1277,y
1278,y
1279,y
1280,y
1281,y
1282,y
1283,y
1284,y
1285,y
1286,y
1287,y
1288,y
1289,y
1290,y
1291,y
1292,y
1293,y
1294,y
1295,y
1296,y
1297,y
1298,y
1299,y
1300,y
1301,y
1302,y
1303,y
1304,y
1305,y
1306,y
1307,y
1308,y
1309,y
1310,y
1311,y
1312,y
1313,y
1314,y
1315,y
1316,y
1317,y
1318,y
1319,y
1320,y
1321,y
1322,y
1323,y
1324,y
1325,y
1326,y
1327,y
1328,y
1329,y
1330,y
1331,y
1332,y
1333,y
1334,y
1335,y
1336,y
1337,y
1338,y
1339,y
1340,y
1341,y
1342,y
1343,y
1344,y
1345,y
1346,y
1347,y
1348,y
1349,y
1350,y
1351,y
1352,y
1353,y
1354,y
1355,y
1356,y
1357,y
1358,y
1359,y
1360,y
1361,y
1362,y
1363,y
1364,y
1365,y
1366,y
1367,y
1368,y
1369,y
1370,y
1371,y
1372,y
1373,y
1374,y
1375,y
1376,y
1377,y
1378,y
1379,y
1380,y
1381,y
1382,y
1383,y
1384,y
1385,y
1386,y
1387,y
1388,y
1389,y
1390,y
1391,y
1392,y
1393,y
1394,y
1395,y
1396,y
1397,y
1398,y
1399,y
1400,y
1401,y
1402,y
1403,y
1404,y
1405,y
1406,y
1407,y
1408,y
1409,y
1410,y
1411,y
1412,y
1413,y
1414,y
1415,y
1416,y
1417,y
1418,y
1419,y
1420,y
1421,y
1422,y
1423,y
1424,y
1425,y
1426,y
1427,y
1428,y
1429,y
1430,y
1431,y
1432,y
1433,y
1434,y
1435,y
1436,y
1437,y
1438,y
1439,y
1440,y
1441,y
1442,y
1443,y
1444,y
1445,y
1446,y
1447,y
1448,y
1449,y
1450,y
1451,y
1452,y
1453,y
1454,y
1455,y
1456,y
1457,y
1458,y
1459,y
1460,y
1461,y
1462,y
1463,y
1464,y
1465,y
1466,y
1467,y
1468,y
1469,y
1470,y
1471,y
1472,y
1473,y
1474,y
1475,y
1476,y
1477,y
1478,y
1479,y
1480,y
1481,y
1482,y
1483,y
1484,y
1485,y
1486,y
1487,y
1488,y
1489,y
1490,y
1491,y
1492,y
1493,y
1494,y
1495,y
1496,y
1497,y
1498,y
1499,y
1500,y
1501,y
1502,y
1503,y
1504,y
1505,y
1506,y
1507,y
1508,y
1509,y
1510,y
1511,y
1512,y
1513,y
1514,y
1515,y
1516,y
1517,y
1518,y
1519,y
1520,y
1521,y
1522,y
1523,y
1524,y
1525,y
1526,y
1527,y
1528,y
1529,y
1530,y
1531,y
1532,y
1533,y
1534,y
1535,y
1536,y
1537,y
1538,y
1539,y
1540,y
1541,y
1542,y
1543,y
1544,y
1545,y
1546,y
1547,y
1548,y
1549,y
1550,y
1551,y
1552,y
1553,y
1554,y
1555,y
1556,y
1557,y
1558,y
1559,y
1560,y
1561,y
1562,y
1563,y
1564,y
1565,y
1566,y
1567,y
1568,y
1569,y
1570,y
1571,y
1572,y
1573,y
1574,y
1575,y
1576,y
1577,y
1578,y
1579,y
1580,y
1581,y
1582,y
1583,y
1584,y
1585,y
1586,y
1587,y
1588,y
1589,y
1590,y
1591,y
1592,y
1593,y
1594,y
1595,y
1596,y
1597,y
1598,y
1599,y
1600,y
1601,y
1602,y
1603,y
1604,y
1605,y
1606,y
1607,y
1608,y
1609,y
1610,y
1611,y
1612,y
1613,y
1614,y
1615,y
1616,y
1617,y
1618,y
1619,y
1620,y
1621,y
1622,y
1623,y
1624,y
1625,y
1626,y
1627,y
1628,y
1629,y
1630,y
1631,y
1632,y
1633,y
1634,y
1635,y
1636,y
1637,y
1638,y
1639,y
1640,y
1641,y
1642,y
1643,y
1644,y
1645,y
1646,y
1647,y
1648,y
1649,y
1650,y
1651,y
1652,y
1653,y
1654,y
1655,y
1656,y
1657,y
1658,y
1659,y
1660,y
1661,y
1662,y
1663,y
1664,y
1665,y
1666,y
1667,y
1668,y
1669,y
1670,y
1671,y
1672,y
1673,y
1674,y
1675,y
1676,y
1677,y
1678,y
1679,y
1680,y
1681,y
1682,y
1683,y
1684,y
1685,y
1686,y
1687,y
1688,y
1689,y
1690,y
1691,y
1692,y
1693,y
1694,y
1695,y
1696,y
1697,y
1698,y
1699,y
1700,y
1701,y
1702,y
1703,y
1704,y
1705,y
1706,y
1707,y
1708,y
1709,y
1710,y
1711,y
1712,y
1713,y
1714,y
1715,y
1716,y
1717,y
1718,y
1719,y
1720,y
1721,y
1722,y
1723,y
1724,y
1725,y
1726,y
1727,y
1728,y
1729,y
1730,y
1731,y
1732,y
1733,y
1734,y
1735,y
1736,y
1737,y
1738,y
1739,y
1740,y
1741,y
1742,y
1743,y
1744,y
1745,y
1746,y
1747,y
1748,y
1749,y
1750,y
1751,y
1752,y
1753,y
1754,y
1755,y
1756,y
1757,y
1758,y
1759,y
1760,y
1761,y
1762,y
1763,y
1764,y
1765,y
1766,y
1767,y
1768,y
1769,y
1770,y
1771,y
1772,y
1773,y
1774,y
1775,y
1776,y
1777,y
1778,y
1779,y
1780,y
1781,y
1782,y
1783,p
1784,p
1785,p
1786,p
1787,p
1788,p
1789,p
1790,p
1791,p
1792,p
1793,p
1794,p
1795,p
1796,p
1797,p
1798,p
1799,p
1800,p
1801,p
1802,p
1803,p
1804,p
1805,p
1806,p
1807,p
1808,p
1809,p
1810,p
1811,p
1812,p
1813,p
1814,p
1815,p
1816,p
1817,p
1818,p
1819,p
1820,p
1821,p
1822,p
1823,p
1824,p
1825,p
1826,p
1827,p
1828,p
1829,p
1830,p
1831,p
1832,p
1833,p
1834,p
1835,p
1836,p
1837,p
1838,p
1839,p
1840,p
1841,p
1842,p
1843,p
1844,p
1845,p
1846,p
1847,p
1848,p
1849,p
1850,p
1851,p
1852,p
1853,p
1854,p
1855,p
1856,p
1857,p
1858,p
1859,p
1860,p
1861,p
1862,p
1863,p
1864,p
1865,p
1866,p
1867,p
1868,p
1869,p
1870,p
1871,p
1872,p
1873,p
1874,p
1875,p
1876,p
1877,p
1878,p
1879,p
1880,p
1881,p
1882,p
1883,p
1884,p
1885,p
1886,p
1887,p
1888,p
1889,p
1890,p
1891,p
1892,p
1893,p
1894,p
1895,p
1896,p
1897,p
1898,p
1899,p
1900,p
1901,p
1902,p
1903,p
1904,p
1905,p
1906,p
1907,p
1908,p
1909,p
1910,p
1911,p
1912,p
1913,p
1914,p
1915,p
1916,p
1917,p
1918,p
1919,p
1920,p
1921,p
1922,p
1923,p
1924,p
1925,p
1926,p
1927,p
1928,p
1929,p
1930,p
1931,p
1932,p
1933,p
1934,p
1935,p
1936,p
1937,p
1938,p
1939,p
1940,p
1941,p
1942,p
1943,p
1944,p
1945,p
1946,p
1947,p
1948,p
1949,p
1950,p
1951,p
1952,p
1953,p
1954,p
1955,p
1956,p
1957,p
1958,p
1959,p
1960,p
1961,p
1962,p
1963,p
1964,p
1965,p
1966,p
1967,p
1968,p
1969,p
1970,p
1971,p
1972,p
1973,p
1974,p
1975,p
1976,p
1977,p
1978,p
1979,p
1980,p
1981,p
1982,p
1983,p
1984,p
1985,y
1986,y
1987,y
1988,y
1989,y
1990,y
1991,y
1992,y
1993,y
1994,y
1995,y
1996,y
1997,y
1998,y
1999,y
2000,y
2001,y
2002,y
2003,y
2004,y
2005,y
2006,y
2007,y
2008,y
2009,y
2010,y
2011,y
2012,y
2013,y
2014,y
2015,y
2016,y
2017,y
2018,y
2019,y
2020,y
2021,y
2022,y
2023,y
2024,y
2025,y
2026,y
2027,y
2028,y
2029,y
2030,y
2031,y
2032,y
2033,y
2034,y
2035,y
2036,y
2037,y
2038,y
2039,y
2040,y
2041,y
2042,y
2043,y
2044,y
2045,y
2046,y
2047,y
2048,y
2049,y
2050,y
2051,y
2052,y
2053,y
2054,y
2055,y
2056,y
2057,y
2058,y
2059,y
2060,y
2061,y
2062,y
2063,y
2064,p
2065,p
2066,p
2067,p
2068,p
2069,p
2070,p
2071,p
2072,p
2073,p
2074,p
2075,p
2076,p
2077,p
2078,p
2079,p
2080,p
2081,p
2082,p
2083,p
2084,p
2085,p
2086,p
2087,p
2088,p
2089,p
2090,p
2091,p
2092,p
2093,p
2094,p
2095,p
2096,p
2097,p
2098,p
2099,p
2100,p
2101,p
2102,p
2103,p
2104,p
2105,p
2106,p
2107,p
2108,p
2109,p
2110,p
2111,p
2112,p
2113,p
2114,p
2115,p
2116,p
2117,p
2118,p
2119,p
2120,p
2121,p
2122,p
2123,p
2124,p
2125,p
2126,p
2127,p
2128,p
2129,p
2130,p
2131,p
2132,p
2133,p
2134,p
2135,p
2136,p
2137,p
2138,p
2139,p
2140,p
2141,p
2142,p
2143,p
2144,p
2145,p
2146,p
2147,p
2148,p
2149,p
2150,p
2151,p
2152,p
2153,p
2154,p
2155,p
2156,p
2157,p
2158,p
2159,p
2160,p
2161,p
2162,p
2163,p
2164,p
2165,p
2166,p
2167,p
2168,p
2169,p
2170,p
2171,p
2172,p
2173,p
2174,p
2175,p
2176,p
2177,p
2178,p
2179,p
2180,p
2181,p
2182,p
2183,p
2184,p
2185,p
2186,p
2187,p
2188,p
2189,p
2190,p
2191,p
2192,p
2193,p
2194,p
2195,p
2196,p
2197,p
2198,p
2199,p
2200,p
2201,p
2202,p
2203,p
2204,p
2205,p
2206,p
2207,p
2208,p
2209,p
2210,p
2211,p
2212,p
2213,p
2214,p
2215,p
2216,p
2217,p
2218,p
2219,p
2220,p
2221,p
2222,p
2223,p
2224,p
2225,p
2226,p
2227,p
2228,p
2229,p
2230,p
2231,p
2232,p
2233,p
2234,p
2235,p
2236,p
2237,p
2238,p
2239,p
2240,p
2241,p
2242,p
2243,p
2244,p
2245,p
2246,p
2247,p
2248,p
2249,p
2250,p
2251,p
2252,p
2253,p
2254,p
2255,p
2256,p
2257,p
2258,p
2259,p
2260,p
2261,p
2262,p
2263,p
2264,p
2265,p
2266,p
2267,p
2268,p
2269,p
2270,p
2271,p
2272,p
2273,p
2274,p
2275,p
2276,p
2277,p
2278,p
2279,p
2280,p
2281,p
2282,p
2283,p
2284,p
2285,p
2286,p
2287,p
2288,p
2289,p
2290,p
2291,p
2292,p
2293,p
2294,p
2295,p
2296,p
2297,p
2298,p
2299,p
2300,p
2301,p
2302,p
2303,p
2304,p
2305,p
2306,p
2307,p
2308,p
2309,p
2310,p
2311,p
2312,p
2313,p
2314,p
2315,p
2316,p
2317,p
2318,p
2319,p
2320,p
2321,p
2322,p
2323,p
2324,p
2325,p
2326,p
2327,p
2328,p
2329,p
2330,p
2331,p
2332,p
2333,p
2334,p
2335,p
2336,p
2337,p
2338,p
2339,p
2340,p
2341,p
2342,p
2343,p
2344,p
2345,p
2346,p
2347,p
2348,p
2349,p
2350,p
2351,p
2352,p
2353,p
2354,p
2355,p
2356,p
2357,p
2358,p
2359,p
2360,p
2361,p
2362,p
2363,p
2364,p
2365,p
2366,p
2367,p
2368,p
2369,p
2370,p
2371,p
2372,p
2373,p
2374,p
2375,p
2376,p
2377,p
2378,p
2379,p
2380,p
2381,p
2382,p
2383,p
2384,p
2385,p
2386,p
2387,p
2388,p
2389,p
2390,p
2391,p
2392,p
2393,p
2394,p
2395,p
2396,p
2397,p
2398,p
2399,p
2400,p
2401,p
2402,p
2403,p
2404,p
2405,p
2406,p
2407,p
2408,p
2409,p
2410,p
2411,p
2412,p
2413,p
2414,p
2415,p
2416,p
2417,p
2418,p
2419,p
2420,p
2421,p
2422,p
2423,p
2424,p
2425,p
2426,p
2427,p
2428,p
2429,p
2430,p
2431,p
2432,p
2433,p
2434,p
2435,p
2436,p
2437,p
2438,p
2439,p
2440,p
2441,p
2442,p
2443,p
2444,p
2445,p
2446,p
2447,p
2448,p
2449,p
2450,p
2451,p
2452,p
2453,p
2454,p
2455,p
2456,p
2457,p
2458,p
2459,p
2460,p
2461,p
2462,p
2463,p
2464,p
2465,p
2466,p
2467,p
2468,p
2469,p
2470,p
2471,p
2472,p
2473,p
2474,p
2475,p
2476,p
2477,p
2478,p
2479,p
2480,p
2481,p
2482,p
2483,p
2484,p
2485,p
2486,p
2487,p
2488,p
2489,p
2490,p
2491,p
2492,p
2493,p
2494,p
2495,p
2496,p
2497,p
2498,p
2499,p
2500,p
2501,p
2502,p
2503,p
2504,p
2505,p
2506,p
2507,p
2508,p
2509,p
2510,p
2511,p
2512,p
2513,p
2514,p
2515,p
2516,p
2517,p
2518,p
2519,p
2520,p
2521,p
2522,p
2523,p
2524,p
2525,p
2526,p
2527,p
2528,p
2529,p
2530,p
2531,p
2532,p
2533,p
2534,p
2535,p
2536,p
2537,p
2538,p
2539,p
2540,p
2541,p
2542,p
2543,p
2544,p
2545,p
2546,p
2547,p
2548,p
2549,p
2550,p
2551,p
2552,p
2553,p
2554,p
2555,p
2556,p
2557,p
2558,p
2559,p
2560,p
2561,p
2562,p
2563,p
2564,p
2565,p
2566,p
2567,p
2568,p
2569,p
2570,p
2571,p
2572,p
2573,p
2574,p
2575,p
2576,p
2577,p
2578,p
2579,p
2580,p
2581,p
2582,p
2583,p
2584,p
2585,p
2586,p
2587,p
2588,p
2589,p
2590,p
2591,p
2592,p
2593,p
2594,p
2595,p
2596,p
2597,p
2598,p
2599,p
2600,p
2601,p
2602,p
2603,p
2604,p
2605,p
2606,p
2607,p
2608,p
2609,p
2610,p
2611,p
2612,p
2613,p
2614,p
2615,p
2616,p
2617,p
2618,p
2619,p
2620,p
2621,p
2622,p
2623,p
2624,p
2625,p
2626,p
2627,p
2628,p
2629,p
2630,p
2631,p
2632,p
2633,p
2634,p
2635,p
2636,p
2637,p
2638,p
2639,p
2640,p
2641,p
2642,p
2643,p
2644,p
2645,p
2646,p
2647,p
2648,p
2649,p
2650,p
2651,p
2652,p
2653,p
2654,p
2655,p
2656,p
2657,p
2658,p
2659,p
2660,p
2661,p
2662,p
2663,p
2664,p
2665,p
2666,p
2667,p
2668,p
2669,p
2670,p
2671,p
2672,p
2673,p
2674,p
2675,p
2676,p
2677,p
2678,p
2679,p
2680,p
2681,p
2682,p
2683,p
2684,p
2685,p
2686,p
2687,p
2688,p
2689,p
2690,p
2691,p
2692,p
2693,p
2694,p
2695,p
2696,p
2697,p
2698,p
2699,p
2700,p
2701,p
2702,p
2703,p
2704,p
2705,p
2706,p
2707,p
2708,p
2709,p
2710,p
2711,p
2712,p
2713,p
2714,p
2715,p
2716,p
2717,p
2718,p
2719,p
2720,p
2721,p
2722,p
2723,p
2724,p
2725,p
2726,p
2727,p
2728,p
2729,p
2730,p
2731,p
2732,p
2733,p
2734,p
2735,p
2736,p
2737,p
2738,p
2739,p
2740,p
2741,p
2742,p
2743,p
2744,p
2745,p
2746,p
2747,p
2748,p
2749,p
2750,p
2751,p
2752,p
2753,p
2754,p
2755,p
2756,p
2757,p
2758,p
2759,p
2760,p
2761,p
2762,p
2763,p
2764,p
2765,p
2766,p
2767,p
2768,p
2769,p
2770,p
2771,p
2772,p
2773,p
2774,p
2775,p
2776,p
2777,p
2778,p
2779,p
2780,p
2781,p
2782,p
2783,p
2784,p
2785,p
2786,p
2787,p
2788,p
2789,p
2790,p
2791,p
2792,p
2793,p
2794,p
2795,p
2796,p
2797,p
2798,p
2799,p
2800,p
2801,p
2802,p
2803,p
2804,p
2805,p
2806,p
2807,p
2808,p
2809,p
2810,p
2811,p
2812,p
2813,p
2814,p
2815,p
2816,p
2817,p
2818,p
2819,p
2820,p
2821,p
2822,p
2823,p
2824,p
2825,p
2826,p
2827,p
2828,p
2829,p
2830,p
2831,p
2832,p
2833,p
2834,p
2835,p
2836,p
2837,p
2838,p
2839,p
2840,p
2841,p
2842,p
2843,p
2844,p
2845,p
2846,p
2847,p
2848,p
2849,p
2850,p
2851,p
2852,p
2853,p
2854,p
2855,p
2856,p
2857,p
2858,p
2859,p
2860,p
2861,p
2862,p
2863,p
2864,p
2865,p
2866,p
2867,p
2868,p
2869,p
2870,p
2871,p
2872,p
2873,p
2874,p
2875,p
2876,p
2877,p
2878,p
2879,p
2880,p
2881,p
2882,p
2883,p
2884,p
2885,p
2886,p
2887,p
2888,p
2889,p
2890,p
2891,p
2892,p
2893,p
2894,p
2895,p
2896,p
2897,p
2898,p
2899,p
2900,p
2901,p
2902,p
2903,p
2904,p
2905,p
2906,p
2907,p
2908,p
2909,p
2910,p
2911,p
2912,p
2913,p
2914,p
2915,p
2916,p
2917,p
2918,p
2919,p
2920,p
2921,p
2922,p
2923,p
2924,p
2925,p
2926,p
2927,p
2928,p
2929,p
2930,p
2931,p
2932,p
2933,p
2934,p
2935,p
2936,p
2937,p
2938,p
2939,p
2940,p
2941,p
2942,p
2943,p
2944,p
2945,p
2946,p
2947,p
2948,p
2949,p
2950,p
2951,p
2952,p
2953,p
2954,p
2955,p
2956,p
2957,p
2958,p
2959,p
2960,p
2961,p
2962,p
2963,p
2964,p
2965,p
2966,p
2967,p
2968,p
2969,p
2970,p
2971,p
2972,p
2973,p
2974,p
2975,p
2976,p
2977,p
2978,p
2979,p
2980,p
2981,p
2982,p
2983,p
2984,p
2985,p
2986,p
2987,p
2988,p
2989,p
2990,p
2991,p
2992,p
2993,p
2994,p
2995,p
2996,p
2997,p
2998,p
2999,p
3000,p
3001,p
3002,p
3003,p
3004,p
3005,p
3006,p
3007,p
3008,p
3009,p
3010,p
3011,p
3012,p
3013,p
3014,p
3015,p
3016,p
3017,p
3018,p
3019,p
3020,p
3021,p
3022,p
3023,p
3024,p
3025,p
3026,p
3027,p
3028,p
3029,p
3030,p
3031,p
3032,p
3033,p
3034,p
3035,p
3036,p
3037,p
3038,p
3039,p
3040,p
3041,p
3042,p
3043,p
3044,p
3045,p
3046,p
3047,p
3048,p
3049,p
3050,p
3051,p
3052,p
3053,p
3054,p
3055,p
3056,p
3057,p
3058,p
3059,p
3060,p
3061,p
3062,p
3063,p
3064,p
3065,p
3066,p
3067,p
3068,p
3069,p
3070,p
3071,p
3072,p
3073,p
3074,p
3075,p
3076,p
3077,p
3078,p
3079,p
3080,p
3081,p
3082,p
3083,p
3084,p
3085,p
3086,p
3087,p
3088,p
3089,p
3090,p
3091,p
3092,p
3093,p
3094,p
3095,p
3096,p
3097,p
3098,p
3099,p
3100,p
3101,p
3102,p
3103,p
3104,p
3105,p
3106,p
3107,p
3108,p
3109,p
3110,p
3111,p
3112,p
3113,p
3114,p
3115,p
3116,p
3117,p
3118,p
3119,p
3120,p
3121,p
3122,p
3123,p
3124,p
3125,y
3126,y
3127,y
3128,y
3129,y
3130,y
3131,y
3132,y
3133,y
3134,y
3135,y
3136,y
3137,y
3138,y
3139,y
3140,y
3141,y
3142,y
3143,y
3144,y
3145,y
3146,y
3147,y
3148,y
3149,y
3150,y
3151,y
3152,y
3153,y
3154,y
3155,y
3156,y
3157,y
3158,y
3159,y
3160,y
3161,y
3162,y
3163,y
3164,y
3165,y
3166,y
3167,y
3168,y
3169,y
3170,y
3171,y
3172,y
3173,y
3174,y
3175,y
3176,y
3177,y
3178,y
3179,y
3180,y
3181,y
3182,y
3183,y
3184,y
3185,y
3186,y
3187,y
3188,y
3189,y
3190,y
3191,y
3192,y
3193,y
3194,y
3195,y
3196,y
3197,y
3198,y
3199,y
3200,y
3201,y
3202,y
3203,y
3204,y
3205,y
3206,y
3207,y
3208,y
3209,y
3210,y
3211,y
3212,y
3213,y
3214,y
3215,y
3216,y
3217,y
3218,y
3219,y
3220,y
3221,y
3222,y
3223,y
3224,y
3225,y
3226,y
3227,y
3228,y
3229,y
3230,y
3231,y
3232,y
3233,y
3234,p
3235,p
3236,p
3237,p
3238,p
3239,p
3240,p
3241,p
3242,p
3243,p
3244,p
3245,p
3246,p
3247,p
3248,p
3249,p
3250,p
3251,p
3252,p
3253,p
3254,p
3255,p
3256,p
3257,p
3258,p
3259,p
3260,p
3261,p
3262,p
3263,p
3264,p
3265,p
3266,p
3267,p
3268,p
3269,p
3270,p
3271,p
3272,p
3273,p
3274,p
3275,p
3276,p
3277,p
3278,p
3279,p
3280,p
3281,p
3282,p
3283,p
3284,p
3285,p
3286,p
3287,p
3288,p
3289,p
3290,p
3291,p
3292,p
3293,p
3294,p
3295,p
3296,p
3297,p
3298,p
3299,p
3300,p
3301,p
3302,p
3303,p
3304,p
3305,p
3306,p
3307,p
3308,p
3309,p
3310,p
3311,p
3312,p
3313,p
3314,p
3315,p
3316,p
3317,p
3318,p
3319,p
3320,p
3321,p
3322,p
3323,p
3324,p
3325,p
3326,p
3327,p
3328,p
3329,p
3330,p
3331,p
3332,p
3333,p
3334,p
3335,p
3336,p
3337,p
3338,p
3339,p
3340,p
3341,p
3342,p
3343,p
3344,p
3345,p
3346,p
3347,p
3348,p
3349,p
3350,p
3351,p
3352,p
3353,p
3354,p
3355,p
3356,p
3357,p
3358,p
3359,p
3360,p
3361,p
3362,p
3363,p
3364,p
3365,p
3366,p
3367,p
3368,p
3369,p
3370,p
3371,y
3372,y
3373,y
3374,y
3375,y
3376,y
3377,y
3378,y
3379,y
3380,y
3381,y
3382,y
3383,y
3384,y
3385,y
3386,y
3387,y
3388,y
3389,y
3390,y
3391,y
3392,y
3393,y
3394,y
3395,y
3396,y
3397,y
3398,y
3399,y
3400,y
3401,y
3402,y
3403,y
3404,y
3405,y
3406,y
3407,y
3408,y
3409,y
3410,y
3411,y
3412,y
3413,y
3414,y
3415,y
3416,y
3417,y
3418,y
3419,y
3420,y
3421,y
3422,y
3423,y
3424,y
3425,y
3426,y
3427,y
3428,y
3429,y
3430,y
3431,y
3432,y
3433,y
3434,y
3435,y
3436,y
3437,y
3438,y
3439,y
3440,y
3441,y
3442,y
3443,y
3444,y
3445,y
3446,y
3447,y
3448,y
3449,y
3450,y
3451,y
3452,y
3453,y
3454,y
3455,y
3456,y
3457,y
3458,y
3459,y
3460,y
3461,y
3462,y
3463,y
3464,y
3465,y
3466,y
3467,y
3468,y
3469,y
3470,y
3471,y
3472,y
3473,p
3474,p
3475,p
3476,p
3477,p
3478,p
3479,p
3480,p
3481,p
3482,p
3483,p
3484,p
3485,p
3486,p
3487,p
3488,p
3489,p
3490,p
3491,p
3492,p
3493,p
3494,p
3495,p
3496,p
3497,p
3498,p
3499,p
3500,p
3501,p
3502,p
3503,p
3504,p
3505,p
3506,p
3507,p
3508,p
3509,p
3510,p
3511,p
3512,p
3513,p
3514,p
3515,p
3516,p
3517,p
3518,p
3519,p
3520,p
3521,p
3522,p
3523,p
3524,p
3525,p
3526,p
3527,p
3528,p
3529,p
3530,p
3531,p
3532,p
3533,p
3534,p
3535,p
3536,p
3537,p
3538,p
3539,p
3540,p
3541,p
3542,p
3543,p
3544,p
3545,p
3546,p
3547,p
3548,p
3549,p
3550,p
3551,p
3552,p
3553,p
3554,p
3555,p
3556,p
3557,p
3558,p
3559,p
3560,p
3561,p
3562,p
3563,p
3564,p
3565,p
3566,p
3567,p
3568,p
3569,p
3570,p
3571,p
3572,p
3573,p
3574,p
3575,p
3576,p
3577,p
3578,p
3579,p
3580,p
3581,p
3582,p
3583,p
3584,p
3585,p
3586,p
3587,p
3588,p
3589,p
3590,p
3591,p
3592,p
3593,p
3594,p
3595,p
3596,p
3597,p
3598,p
3599,p
3600,p
3601,p
3602,p
3603,p
3604,p
3605,p
3606,p
3607,p
3608,p
3609,p
3610,p
3611,p
3612,p
3613,p
3614,p
3615,p
3616,p
3617,p
3618,p
3619,p
3620,p
3621,p
3622,p
3623,p
3624,p
3625,p
3626,p
3627,p
3628,p
3629,p
3630,p
3631,p
3632,p
3633,p
3634,y
3635,y
3636,y
3637,y
3638,y
3639,y
3640,y
3641,y
3642,y
3643,y
3644,y
3645,y
3646,y
3647,y
3648,y
3649,y
3650,y
3651,y
3652,y
3653,y
3654,y
3655,y
3656,y
3657,y
3658,y
3659,p
3660,p
3661,p
3662,p
3663,p
3664,p
3665,p
3666,p
3667,p
3668,p
3669,p
3670,p
3671,p
3672,p
3673,p
3674,p
3675,p
3676,p
3677,p
3678,p
3679,p
3680,p
3681,p
3682,p
3683,p
3684,p
3685,p
3686,p
3687,p
3688,p
3689,p
3690,p
3691,p
3692,p
3693,p
3694,p
3695,p
3696,p
3697,p
3698,p
3699,p
3700,p
3701,p
3702,p
3703,p
3704,p
3705,p
3706,p
3707,p
3708,p
3709,p
3710,p
3711,p
3712,p
3713,p
3714,p
3715,p
3716,p
3717,p
3718,p
3719,p
3720,p
3721,p
3722,p
3723,p
3724,p
3725,p
3726,p
3727,p
3728,p
3729,p
3730,p
3731,p
3732,p
3733,p
3734,p
3735,p
3736,p
3737,p
3738,p
3739,p
3740,p
3741,p
3742,p
3743,p
3744,p
3745,p
3746,p
3747,p
3748,p
3749,p
3750,p
3751,p
3752,p
3753,p
3754,p
3755,p
3756,p
3757,p
3758,p
3759,p
3760,p
3761,p
3762,p
3763,p
3764,d
3765,d
3766,d
3767,d
3768,d
3769,d
3770,d
3771,d
3772,d
3773,d
3774,d
3775,d
3776,d
3777,d
3778,d
3779,d
3780,d
3781,d
3782,d
3783,d
3784,d
3785,d
3786,d
3787,d
3788,d
3789,d
3790,d
3791,d
3792,d
3793,d
3794,d
3795,d
3796,d
3797,d
3798,d
3799,d
3800,d
3801,d
3802,d
3803,d
3804,d
3805,d
3806,d
3807,d
3808,d
3809,d
3810,d
3811,d
3812,d
3813,d
3814,d
3815,d
3816,d
3817,d
3818,d
3819,d
3820,d
3821,d
3822,d
3823,d
3824,d
3825,d
3826,d
3827,d
3828,d
3829,d
3830,d
3831,d
3832,d
3833,d
3834,d
3835,d
3836,d
3837,d
3838,d
3839,d
3840,d
3841,d
3842,d
3843,d
3844,d
3845,d
3846,d
3847,d
3848,d
3849,d
3850,d
3851,d
3852,d
3853,d
3854,d
3855,d
3856,d
3857,d
3858,d
3859,d
3860,d
3861,d
3862,d
3863,d
3864,d
3865,d
3866,d
3867,d
3868,d
3869,d
3870,d
3871,d
3872,d
3873,d
3874,d
3875,d
3876,d
3877,d
3878,d
3879,d
3880,d
3881,d
3882,d
3883,d
3884,d
3885,d
3886,d
3887,d
3888,d
3889,d
3890,d
3891,d
3892,d
3893,d
3894,d
3895,d
3896,d
3897,d
3898,d
3899,d
3900,d
3901,d
3902,d
3903,d
3904,d
3905,d
3906,d
3907,d
3908,d
3909,d
3910,d
3911,d
3912,d
3913,d
3914,d
3915,d
3916,d
3917,d
3918,d
3919,d
3920,d
3921,d
3922,d
3923,d
3924,d
3925,d
3926,d
3927,d
3928,d
3929,d
3930,d
3931,d
3932,d
3933,d
3934,d
3935,d
3936,d
3937,d
3938,d
3939,d
3940,d
3941,d
3942,d
3943,d
3944,d
3945,d
3946,d
3947,d
3948,d
3949,d
3950,d
3951,d
3952,d
3953,d
3954,d
3955,d
3956,d
3957,d
3958,d
3959,d
3960,d
3961,d
3962,d
3963,d
3964,d
3965,d
3966,d
3967,d
3968,d
3969,d
3970,d
3971,d
3972,d
3973,d
3974,d
3975,d
3976,d
3977,d
3978,d
3979,d
3980,d
3981,d
3982,d
3983,d
3984,d
3985,d
3986,d
3987,d
3988,d
3989,d
3990,d
3991,d
3992,d
3993,d
3994,d
3995,d
3996,d
3997,d
3998,d
3999,d
4000,d
4001,d
4002,d
4003,d
4004,d
4005,d
4006,d
4007,d
4008,d
4009,d
4010,d
4011,d
4012,d
4013,d
4014,d
4015,d
4016,d
4017,d
4018,d
4019,d
4020,d
4021,d
4022,d
4023,d
4024,d
4025,d
4026,d
4027,d
4028,d
4029,d
4030,d
4031,d
4032,d
4033,d
4034,d
4035,d
4036,d
4037,d
4038,d
4039,d
4040,d
4041,d
4042,d
4043,d
4044,d
4045,d
4046,d
4047,d
4048,d
4049,d
4050,d
4051,d
4052,d
4053,d
4054,d
4055,d
4056,d
4057,d
4058,d
4059,d
4060,d
4061,d
4062,d
4063,d
4064,d
4065,d
4066,d
4067,d
4068,d
4069,d
4070,d
4071,d
4072,d
4073,d
4074,d
4075,d
4076,d
4077,d
4078,d
4079,d
4080,d
4081,d
4082,d
4083,d
4084,d
4085,d
4086,d
4087,d
4088,d
4089,d
4090,d
4091,d
4092,d
4093,d
4094,d
4095,d
4096,d
4097,d
4098,d
4099,d
4100,d
4101,d
4102,d
4103,d
4104,d
4105,d
4106,d
4107,d
4108,d
4109,d
4110,d
4111,d
4112,d
4113,d
4114,d
4115,d
4116,d
4117,d
4118,d
4119,d
4120,d
4121,d
4122,d
4123,d
4124,d
4125,d
4126,d
4127,d
4128,d
4129,d
4130,d
4131,d
4132,d
4133,d
4134,d
4135,d
4136,d
4137,d
4138,d
4139,d
4140,d
4141,d
4142,d
4143,d
4144,d
4145,d
4146,d
4147,d
4148,d
4149,d
4150,d
4151,d
4152,d
4153,d
4154,d
4155,d
4156,d
4157,d
4158,d
4159,d
4160,d
4161,d
4162,d
4163,d
4164,d
4165,d
4166,d
4167,d
4168,d
4169,d
4170,d
4171,d
4172,d
4173,d
4174,d
4175,d
4176,d
4177,d
4178,d
4179,d
4180,d
4181,d
4182,d
4183,d
4184,d
4185,d
4186,d
4187,d
4188,d
4189,d
4190,d
4191,d
4192,d
4193,d
4194,d
4195,d
4196,d
4197,d
4198,d
4199,d
4200,d
4201,d
4202,d
4203,d
4204,d
4205,d
4206,d
4207,d
4208,d
4209,d
4210,d
4211,d
4212,d
4213,d
4214,d
4215,d
4216,d
4217,d
4218,d
4219,d
4220,d
4221,d
4222,d
4223,d
4224,d
4225,d
4226,d
4227,d
4228,d
4229,d
4230,d
4231,d
4232,d
4233,d
4234,d
4235,d
4236,d
4237,d
4238,d
4239,d
4240,d
4241,d
4242,d
4243,d
4244,d
4245,d
4246,d
4247,d
4248,d
4249,d
4250,d
4251,d
4252,d
4253,d
4254,d
4255,d
4256,d
4257,d
4258,d
4259,d
4260,d
4261,d
4262,d
4263,d
4264,d
4265,d
4266,d
4267,d
4268,d
4269,d
4270,d
4271,d
4272,d
4273,d
4274,d
4275,d
4276,d
4277,d
4278,d
4279,d
4280,d
4281,d
4282,d
4283,d
4284,d
4285,d
4286,d
4287,d
4288,d
4289,d
4290,d
4291,d
4292,d
4293,d
4294,d
4295,d
4296,d
4297,d
4298,d
4299,d
4300,d
4301,d
4302,d
4303,d
4304,d
4305,d
4306,d
4307,d
4308,d
4309,d
4310,d
4311,d
4312,d
4313,d
4314,d
4315,d
4316,d
4317,d
4318,d
4319,d
4320,d
4321,d
4322,d
4323,d
4324,d
4325,d
4326,d
4327,d
4328,d
4329,d
4330,d
4331,d
4332,d
4333,d
4334,d
4335,d
4336,d
4337,d
4338,d
4339,d
4340,d
4341,d
4342,d
4343,d
4344,d
4345,d
4346,d
4347,d
4348,d
4349,d
4350,d
4351,d
4352,d
4353,d
4354,d
4355,d
4356,d
4357,d
4358,d
4359,d
4360,d
4361,d
4362,d
4363,d
4364,d
4365,d
4366,d
4367,d
4368,d
4369,d
4370,d
4371,d
4372,d
4373,d
4374,d
4375,d
4376,d
4377,d
4378,d
4379,d
4380,d
4381,d
4382,d
4383,d
4384,d
4385,d
4386,d
4387,d
4388,d
4389,d
4390,d
4391,d
4392,d
4393,d
4394,d
4395,d
4396,d
4397,d
4398,d
4399,d
4400,d
4401,d
4402,d
4403,d
4404,d
4405,d
4406,d
4407,d
4408,d
4409,d
4410,d
4411,d
4412,d
4413,d
4414,d
4415,d
4416,d
4417,d
4418,d
4419,d
4420,d
4421,d
4422,d
4423,d
4424,d
